{
  "main": {
    "id": "1498fe8b3111131c",
    "type": "split",
    "children": [
      {
        "id": "cef54c7a483845d8",
        "type": "tabs",
        "children": [
          {
            "id": "37c3217c8eb1f3de",
            "type": "leaf",
            "state": {
              "type": "markdown",
              "state": {
                "file": "Garden Center/Markbase Garden Center.md",
                "mode": "source",
                "source": false
              }
            }
          }
        ]
      }
    ],
    "direction": "vertical"
  },
  "left": {
    "id": "52d9dc9efa51f4b2",
    "type": "split",
    "children": [
      {
        "id": "c424f8d9c90d8789",
        "type": "tabs",
        "children": [
          {
            "id": "80a51522d33e5827",
            "type": "leaf",
            "state": {
              "type": "file-explorer",
              "state": {
                "sortOrder": "alphabetical"
              }
            }
          },
          {
            "id": "73ba284c7d288997",
            "type": "leaf",
            "state": {
              "type": "search",
              "state": {
                "query": "",
                "matchingCase": false,
                "explainSearch": false,
                "collapseAll": false,
                "extraContext": false,
                "sortOrder": "alphabetical"
              }
            }
          },
          {
            "id": "290bfc018388c39b",
            "type": "leaf",
            "state": {
              "type": "starred",
              "state": {}
            }
          }
        ]
      }
    ],
    "direction": "horizontal",
    "width": 300
  },
  "right": {
    "id": "c2fc302149d3ba0e",
    "type": "split",
    "children": [
      {
        "id": "7edc5a8f92d9bd2a",
        "type": "tabs",
        "children": [
          {
            "id": "2ddf35846b852d89",
            "type": "leaf",
            "state": {
              "type": "backlink",
              "state": {
                "file": "Garden Center/Markbase Garden Center.md",
                "collapseAll": false,
                "extraContext": false,
                "sortOrder": "alphabetical",
                "showSearch": false,
                "searchQuery": "",
                "backlinkCollapsed": false,
                "unlinkedCollapsed": true
              }
            }
          },
          {
            "id": "105a0984bb649643",
            "type": "leaf",
            "state": {
              "type": "outgoing-link",
              "state": {
                "file": "Garden Center/Markbase Garden Center.md",
                "linksCollapsed": false,
                "unlinkedCollapsed": true
              }
            }
          },
          {
            "id": "babadf7be72f4894",
            "type": "leaf",
            "state": {
              "type": "tag",
              "state": {
                "sortOrder": "frequency",
                "useHierarchy": true
              }
            }
          },
          {
            "id": "21a62360decdc9bd",
            "type": "leaf",
            "state": {
              "type": "outline",
              "state": {
                "file": "Garden Center/Markbase Garden Center.md"
              }
            }
          }
        ]
      }
    ],
    "direction": "horizontal",
    "width": 300,
    "collapsed": true
  },
  "left-ribbon": {
    "hiddenItems": {
      "switcher:Open quick switcher": false,
      "graph:Open graph view": false,
      "canvas:Create new canvas": false,
      "daily-notes:Open today's daily note": false,
      "templates:Insert template": false,
      "command-palette:Open command palette": false,
      "obsidian-markbase:Sync all Markbase projects": false
    }
  },
  "active": "37c3217c8eb1f3de",
  "lastOpenFiles": [
    "Garden Center/Gardening with Markbase/Getting Started/Guide.md",
    "Garden Center.md",
    "glossary/Stream.md"
  ]
}